OSU_RTS.MDBUS_E3.039_E01 Time [SNAP],OSU_RTS.MDBUS_E3.039_E01 Value [SNAP],OSU_RTS.MDBUS_E3.039_E01 Status [SNAP],OSU_RTS.MDBUS_RT.039S_C Time [SNAP],OSU_RTS.MDBUS_RT.039S_C Value [SNAP],OSU_RTS.MDBUS_RT.039S_C Status [SNAP],OSU_RTS.MDBUS_RT.039S_DP Time [SNAP],OSU_RTS.MDBUS_RT.039S_DP Value [SNAP],OSU_RTS.MDBUS_RT.039S_DP Status [SNAP],OSU_RTS.MDBUS_RT.039S_HF Time [SNAP],OSU_RTS.MDBUS_RT.039S_HF Value [SNAP],OSU_RTS.MDBUS_RT.039S_HF Status [SNAP],OSU_RTS.MDBUS_RT.039S_HGT Time [SNAP],OSU_RTS.MDBUS_RT.039S_HGT Value [SNAP],OSU_RTS.MDBUS_RT.039S_HGT Status [SNAP],OSU_RTS.MDBUS_RT.039S_I Time [SNAP],OSU_RTS.MDBUS_RT.039S_I Value [SNAP],OSU_RTS.MDBUS_RT.039S_I Status [SNAP],OSU_RTS.MDBUS_RT.039S_P Time [SNAP],OSU_RTS.MDBUS_RT.039S_P Value [SNAP],OSU_RTS.MDBUS_RT.039S_P Status [SNAP],OSU_RTS.MDBUS_RT.039S_T Time [SNAP],OSU_RTS.MDBUS_RT.039S_T Value [SNAP],OSU_RTS.MDBUS_RT.039S_T Status [SNAP],Comments
10/15/18 0:00,273266,OK,01/01/70 0:00,0,No Records.,01/01/70 0:00,0,No Records.,01/01/70 0:00,0,No Records.,01/01/70 0:00,0,No Records.,01/01/70 0:00,0,No Records.,01/01/70 0:00,0,No Records.,01/01/70 0:00,0,No Records.,
10/15/18 0:15,273274,OK,,,,,,,,,,,,,,,,,,,,,,
10/15/18 0:30,273282,OK,,,,,,,,,,,,,,,,,,,,,,
10/15/18 0:45,273290,OK,,,,,,,,,,,,,,,,,,,,,,
10/15/18 1:00,273297,OK,,,,,,,,,,,,,,,,,,,,,,
10/15/18 1:15,273303,OK,,,,,,,,,,,,,,,,,,,,,,
10/15/18 1:30,273310,OK,,,,,,,,,,,,,,,,,,,,,,
10/15/18 1:45,273317,OK,,,,,,,,,,,,,,,,,,,,,,
10/15/18 2:00,273324,OK,,,,,,,,,,,,,,,,,,,,,,
10/15/18 2:15,273330,OK,,,,,,,,,,,,,,,,,,,,,,
10/15/18 2:30,273337,OK,,,,,,,,,,,,,,,,,,,,,,
10/15/18 2:45,273343,OK,,,,,,,,,,,,,,,,,,,,,,
10/15/18 3:00,273349,OK,,,,,,,,,,,,,,,,,,,,,,
10/15/18 3:15,273356,OK,,,,,,,,,,,,,,,,,,,,,,
10/15/18 3:30,273362,OK,,,,,,,,,,,,,,,,,,,,,,
10/15/18 3:45,273368,OK,,,,,,,,,,,,,,,,,,,,,,
10/15/18 4:00,273374,OK,,,,,,,,,,,,,,,,,,,,,,
10/15/18 4:15,273380,OK,,,,,,,,,,,,,,,,,,,,,,
10/15/18 4:30,273386,OK,,,,,,,,,,,,,,,,,,,,,,
10/15/18 4:45,273393,OK,,,,,,,,,,,,,,,,,,,,,,
10/15/18 5:00,273399,OK,,,,,,,,,,,,,,,,,,,,,,
10/15/18 5:15,273405,OK,,,,,,,,,,,,,,,,,,,,,,
10/15/18 5:30,273411,OK,,,,,,,,,,,,,,,,,,,,,,
10/15/18 5:45,273417,OK,,,,,,,,,,,,,,,,,,,,,,
10/15/18 6:00,273423,OK,,,,,,,,,,,,,,,,,,,,,,
10/15/18 6:15,273429,OK,,,,,,,,,,,,,,,,,,,,,,
10/15/18 6:30,273435,OK,,,,,,,,,,,,,,,,,,,,,,
10/15/18 6:45,273441,OK,,,,,,,,,,,,,,,,,,,,,,
10/15/18 7:00,273446,OK,,,,,,,,,,,,,,,,,,,,,,
10/15/18 7:15,273452,OK,,,,,,,,,,,,,,,,,,,,,,
10/15/18 7:30,273458,OK,,,,,,,,,,,,,,,,,,,,,,
10/15/18 7:45,273465,OK,,,,,,,,,,,,,,,,,,,,,,
10/15/18 8:00,273472,OK,,,,,,,,,,,,,,,,,,,,,,
10/15/18 8:15,273479,OK,,,,,,,,,,,,,,,,,,,,,,
10/15/18 8:30,273486,OK,,,,,,,,,,,,,,,,,,,,,,
10/15/18 8:45,273493,OK,,,,,,,,,,,,,,,,,,,,,,
10/15/18 9:00,273501,OK,,,,,,,,,,,,,,,,,,,,,,
10/15/18 9:15,273509,OK,,,,,,,,,,,,,,,,,,,,,,
10/15/18 9:30,273517,OK,,,,,,,,,,,,,,,,,,,,,,
10/15/18 9:45,273525,OK,,,,,,,,,,,,,,,,,,,,,,
10/15/18 10:00,273533,OK,,,,,,,,,,,,,,,,,,,,,,
10/15/18 10:15,273541,OK,,,,,,,,,,,,,,,,,,,,,,
10/15/18 10:30,273550,OK,,,,,,,,,,,,,,,,,,,,,,
10/15/18 10:45,273558,OK,,,,,,,,,,,,,,,,,,,,,,
10/15/18 11:00,273568,OK,,,,,,,,,,,,,,,,,,,,,,
10/15/18 11:15,273576,OK,,,,,,,,,,,,,,,,,,,,,,
10/15/18 11:30,273585,OK,,,,,,,,,,,,,,,,,,,,,,
10/15/18 11:45,273594,OK,,,,,,,,,,,,,,,,,,,,,,
10/15/18 12:00,273603,OK,,,,,,,,,,,,,,,,,,,,,,
10/15/18 12:15,273612,OK,,,,,,,,,,,,,,,,,,,,,,
10/15/18 12:30,273620,OK,,,,,,,,,,,,,,,,,,,,,,
10/15/18 12:45,273629,OK,,,,,,,,,,,,,,,,,,,,,,
10/15/18 13:00,273638,OK,,,,,,,,,,,,,,,,,,,,,,
10/15/18 13:15,273647,OK,,,,,,,,,,,,,,,,,,,,,,
10/15/18 13:30,273656,OK,,,,,,,,,,,,,,,,,,,,,,
10/15/18 13:45,273665,OK,,,,,,,,,,,,,,,,,,,,,,
10/15/18 14:00,273674,OK,,,,,,,,,,,,,,,,,,,,,,
10/15/18 14:15,273683,OK,,,,,,,,,,,,,,,,,,,,,,
10/15/18 14:30,273692,OK,,,,,,,,,,,,,,,,,,,,,,
10/15/18 14:45,273702,OK,,,,,,,,,,,,,,,,,,,,,,
10/15/18 15:00,273711,OK,,,,,,,,,,,,,,,,,,,,,,
10/15/18 15:15,273721,OK,,,,,,,,,,,,,,,,,,,,,,
10/15/18 15:30,273731,OK,,,,,,,,,,,,,,,,,,,,,,
10/15/18 15:45,273741,OK,,,,,,,,,,,,,,,,,,,,,,
10/15/18 16:00,273751,OK,,,,,,,,,,,,,,,,,,,,,,
10/15/18 16:15,273761,OK,,,,,,,,,,,,,,,,,,,,,,
10/15/18 16:30,273771,OK,,,,,,,,,,,,,,,,,,,,,,
10/15/18 16:45,273781,OK,,,,,,,,,,,,,,,,,,,,,,
10/15/18 17:00,273790,OK,,,,,,,,,,,,,,,,,,,,,,
10/15/18 17:15,273800,OK,,,,,,,,,,,,,,,,,,,,,,
10/15/18 17:30,273809,OK,,,,,,,,,,,,,,,,,,,,,,
10/15/18 17:45,273818,OK,,,,,,,,,,,,,,,,,,,,,,
10/15/18 18:00,273828,OK,,,,,,,,,,,,,,,,,,,,,,
10/15/18 18:15,273837,OK,,,,,,,,,,,,,,,,,,,,,,
10/15/18 18:30,273847,OK,,,,,,,,,,,,,,,,,,,,,,
10/15/18 18:45,273856,OK,,,,,,,,,,,,,,,,,,,,,,
10/15/18 19:00,273865,OK,,,,,,,,,,,,,,,,,,,,,,
10/15/18 19:15,273874,OK,,,,,,,,,,,,,,,,,,,,,,
10/15/18 19:30,273883,OK,,,,,,,,,,,,,,,,,,,,,,
10/15/18 19:45,273892,OK,,,,,,,,,,,,,,,,,,,,,,
10/15/18 20:00,273901,OK,,,,,,,,,,,,,,,,,,,,,,
10/15/18 20:15,273909,OK,,,,,,,,,,,,,,,,,,,,,,
10/15/18 20:30,273918,OK,,,,,,,,,,,,,,,,,,,,,,
10/15/18 20:45,273926,OK,,,,,,,,,,,,,,,,,,,,,,
10/15/18 21:00,273934,OK,,,,,,,,,,,,,,,,,,,,,,
10/15/18 21:15,273943,OK,,,,,,,,,,,,,,,,,,,,,,
10/15/18 21:30,273951,OK,,,,,,,,,,,,,,,,,,,,,,
10/15/18 21:45,273959,OK,,,,,,,,,,,,,,,,,,,,,,
10/15/18 22:00,273967,OK,,,,,,,,,,,,,,,,,,,,,,
10/15/18 22:15,273975,OK,,,,,,,,,,,,,,,,,,,,,,
10/15/18 22:30,273984,OK,,,,,,,,,,,,,,,,,,,,,,
10/15/18 22:45,273992,OK,,,,,,,,,,,,,,,,,,,,,,
10/15/18 23:00,274000,OK,,,,,,,,,,,,,,,,,,,,,,
10/15/18 23:15,274008,OK,,,,,,,,,,,,,,,,,,,,,,
10/15/18 23:30,274016,OK,,,,,,,,,,,,,,,,,,,,,,
10/15/18 23:45,274024,OK,,,,,,,,,,,,,,,,,,,,,,
10/16/18 0:00,274032,OK,,,,,,,,,,,,,,,,,,,,,,
10/16/18 0:15,274040,OK,,,,,,,,,,,,,,,,,,,,,,
10/16/18 0:30,274048,OK,,,,,,,,,,,,,,,,,,,,,,
10/16/18 0:45,274057,OK,,,,,,,,,,,,,,,,,,,,,,
10/16/18 1:00,274065,OK,,,,,,,,,,,,,,,,,,,,,,
10/16/18 1:15,274074,OK,,,,,,,,,,,,,,,,,,,,,,
10/16/18 1:30,274082,OK,,,,,,,,,,,,,,,,,,,,,,
10/16/18 1:45,274090,OK,,,,,,,,,,,,,,,,,,,,,,
10/16/18 2:00,274097,OK,,,,,,,,,,,,,,,,,,,,,,
10/16/18 2:15,274104,OK,,,,,,,,,,,,,,,,,,,,,,
10/16/18 2:30,274111,OK,,,,,,,,,,,,,,,,,,,,,,
10/16/18 2:45,274118,OK,,,,,,,,,,,,,,,,,,,,,,
10/16/18 3:00,274124,OK,,,,,,,,,,,,,,,,,,,,,,
10/16/18 3:15,274130,OK,,,,,,,,,,,,,,,,,,,,,,
10/16/18 3:30,274136,OK,,,,,,,,,,,,,,,,,,,,,,
10/16/18 3:45,274142,OK,,,,,,,,,,,,,,,,,,,,,,
10/16/18 4:00,274148,OK,,,,,,,,,,,,,,,,,,,,,,
10/16/18 4:15,274154,OK,,,,,,,,,,,,,,,,,,,,,,
10/16/18 4:30,274160,OK,,,,,,,,,,,,,,,,,,,,,,
10/16/18 4:45,274166,OK,,,,,,,,,,,,,,,,,,,,,,
10/16/18 5:00,274172,OK,,,,,,,,,,,,,,,,,,,,,,
10/16/18 5:15,274177,OK,,,,,,,,,,,,,,,,,,,,,,
10/16/18 5:30,274183,OK,,,,,,,,,,,,,,,,,,,,,,
10/16/18 5:45,274189,OK,,,,,,,,,,,,,,,,,,,,,,
10/16/18 6:00,274195,OK,,,,,,,,,,,,,,,,,,,,,,
10/16/18 6:15,274201,OK,,,,,,,,,,,,,,,,,,,,,,
10/16/18 6:30,274207,OK,,,,,,,,,,,,,,,,,,,,,,
10/16/18 6:45,274213,OK,,,,,,,,,,,,,,,,,,,,,,
10/16/18 7:00,274220,OK,,,,,,,,,,,,,,,,,,,,,,
10/16/18 7:15,274226,OK,,,,,,,,,,,,,,,,,,,,,,
10/16/18 7:30,274232,OK,,,,,,,,,,,,,,,,,,,,,,
10/16/18 7:45,274238,OK,,,,,,,,,,,,,,,,,,,,,,
10/16/18 8:00,274245,OK,,,,,,,,,,,,,,,,,,,,,,
10/16/18 8:15,274252,OK,,,,,,,,,,,,,,,,,,,,,,
10/16/18 8:30,274259,OK,,,,,,,,,,,,,,,,,,,,,,
10/16/18 8:45,274266,OK,,,,,,,,,,,,,,,,,,,,,,
10/16/18 9:00,274274,OK,,,,,,,,,,,,,,,,,,,,,,
10/16/18 9:15,274282,OK,,,,,,,,,,,,,,,,,,,,,,
10/16/18 9:30,274291,OK,,,,,,,,,,,,,,,,,,,,,,
10/16/18 9:45,274300,OK,,,,,,,,,,,,,,,,,,,,,,
10/16/18 10:00,274309,OK,,,,,,,,,,,,,,,,,,,,,,
10/16/18 10:15,274318,OK,,,,,,,,,,,,,,,,,,,,,,
10/16/18 10:30,274327,OK,,,,,,,,,,,,,,,,,,,,,,
10/16/18 10:45,274336,OK,,,,,,,,,,,,,,,,,,,,,,
10/16/18 11:00,274345,OK,,,,,,,,,,,,,,,,,,,,,,
10/16/18 11:15,274355,OK,,,,,,,,,,,,,,,,,,,,,,
10/16/18 11:30,274365,OK,,,,,,,,,,,,,,,,,,,,,,
10/16/18 11:45,274376,OK,,,,,,,,,,,,,,,,,,,,,,
10/16/18 12:00,274386,OK,,,,,,,,,,,,,,,,,,,,,,
10/16/18 12:15,274396,OK,,,,,,,,,,,,,,,,,,,,,,
10/16/18 12:30,274406,OK,,,,,,,,,,,,,,,,,,,,,,
10/16/18 12:45,274417,OK,,,,,,,,,,,,,,,,,,,,,,
10/16/18 13:00,274427,OK,,,,,,,,,,,,,,,,,,,,,,
10/16/18 13:15,274438,OK,,,,,,,,,,,,,,,,,,,,,,
10/16/18 13:30,274449,OK,,,,,,,,,,,,,,,,,,,,,,
10/16/18 13:45,274460,OK,,,,,,,,,,,,,,,,,,,,,,
10/16/18 14:00,274471,OK,,,,,,,,,,,,,,,,,,,,,,
10/16/18 14:15,274481,OK,,,,,,,,,,,,,,,,,,,,,,
10/16/18 14:30,274491,OK,,,,,,,,,,,,,,,,,,,,,,
10/16/18 14:45,274501,OK,,,,,,,,,,,,,,,,,,,,,,
10/16/18 15:00,274511,OK,,,,,,,,,,,,,,,,,,,,,,
10/16/18 15:15,274521,OK,,,,,,,,,,,,,,,,,,,,,,
10/16/18 15:30,274531,OK,,,,,,,,,,,,,,,,,,,,,,
10/16/18 15:45,274542,OK,,,,,,,,,,,,,,,,,,,,,,
10/16/18 16:00,274552,OK,,,,,,,,,,,,,,,,,,,,,,
10/16/18 16:15,274561,OK,,,,,,,,,,,,,,,,,,,,,,
10/16/18 16:30,274571,OK,,,,,,,,,,,,,,,,,,,,,,
10/16/18 16:45,274580,OK,,,,,,,,,,,,,,,,,,,,,,
10/16/18 17:00,274590,OK,,,,,,,,,,,,,,,,,,,,,,
10/16/18 17:15,274599,OK,,,,,,,,,,,,,,,,,,,,,,
10/16/18 17:30,274608,OK,,,,,,,,,,,,,,,,,,,,,,
10/16/18 17:45,274618,OK,,,,,,,,,,,,,,,,,,,,,,
10/16/18 18:00,274627,OK,,,,,,,,,,,,,,,,,,,,,,
10/16/18 18:15,274635,OK,,,,,,,,,,,,,,,,,,,,,,
10/16/18 18:30,274644,OK,,,,,,,,,,,,,,,,,,,,,,
10/16/18 18:45,274653,OK,,,,,,,,,,,,,,,,,,,,,,
10/16/18 19:00,274662,OK,,,,,,,,,,,,,,,,,,,,,,
10/16/18 19:15,274670,OK,,,,,,,,,,,,,,,,,,,,,,
10/16/18 19:30,274678,OK,,,,,,,,,,,,,,,,,,,,,,
10/16/18 19:45,274686,OK,,,,,,,,,,,,,,,,,,,,,,
10/16/18 20:00,274694,OK,,,,,,,,,,,,,,,,,,,,,,
10/16/18 20:15,274702,OK,,,,,,,,,,,,,,,,,,,,,,
10/16/18 20:30,274710,OK,,,,,,,,,,,,,,,,,,,,,,
10/16/18 20:45,274717,OK,,,,,,,,,,,,,,,,,,,,,,
10/16/18 21:00,274725,OK,,,,,,,,,,,,,,,,,,,,,,
10/16/18 21:15,274732,OK,,,,,,,,,,,,,,,,,,,,,,
10/16/18 21:30,274740,OK,,,,,,,,,,,,,,,,,,,,,,
10/16/18 21:45,274747,OK,,,,,,,,,,,,,,,,,,,,,,
10/16/18 22:00,274754,OK,,,,,,,,,,,,,,,,,,,,,,
10/16/18 22:15,274762,OK,,,,,,,,,,,,,,,,,,,,,,
10/16/18 22:30,274769,OK,,,,,,,,,,,,,,,,,,,,,,
10/16/18 22:45,274776,OK,,,,,,,,,,,,,,,,,,,,,,
10/16/18 23:00,274783,OK,,,,,,,,,,,,,,,,,,,,,,
10/16/18 23:15,274791,OK,,,,,,,,,,,,,,,,,,,,,,
10/16/18 23:30,274798,OK,,,,,,,,,,,,,,,,,,,,,,
10/16/18 23:45,274806,OK,,,,,,,,,,,,,,,,,,,,,,
10/17/18 0:00,274813,OK,,,,,,,,,,,,,,,,,,,,,,
10/17/18 0:15,274821,OK,,,,,,,,,,,,,,,,,,,,,,
10/17/18 0:30,274829,OK,,,,,,,,,,,,,,,,,,,,,,
10/17/18 0:45,274837,OK,,,,,,,,,,,,,,,,,,,,,,
10/17/18 1:00,274844,OK,,,,,,,,,,,,,,,,,,,,,,
10/17/18 1:15,274852,OK,,,,,,,,,,,,,,,,,,,,,,
10/17/18 1:30,274860,OK,,,,,,,,,,,,,,,,,,,,,,
10/17/18 1:45,274868,OK,,,,,,,,,,,,,,,,,,,,,,
10/17/18 2:00,274876,OK,,,,,,,,,,,,,,,,,,,,,,
10/17/18 2:15,274885,OK,,,,,,,,,,,,,,,,,,,,,,
10/17/18 2:30,274893,OK,,,,,,,,,,,,,,,,,,,,,,
10/17/18 2:45,274901,OK,,,,,,,,,,,,,,,,,,,,,,
10/17/18 3:00,274908,OK,,,,,,,,,,,,,,,,,,,,,,
10/17/18 3:15,274915,OK,,,,,,,,,,,,,,,,,,,,,,
10/17/18 3:30,274921,OK,,,,,,,,,,,,,,,,,,,,,,
10/17/18 3:45,274928,OK,,,,,,,,,,,,,,,,,,,,,,
10/17/18 4:00,274935,OK,,,,,,,,,,,,,,,,,,,,,,
10/17/18 4:15,274941,OK,,,,,,,,,,,,,,,,,,,,,,
10/17/18 4:30,274948,OK,,,,,,,,,,,,,,,,,,,,,,
10/17/18 4:45,274955,OK,,,,,,,,,,,,,,,,,,,,,,
10/17/18 5:00,274962,OK,,,,,,,,,,,,,,,,,,,,,,
10/17/18 5:15,274968,OK,,,,,,,,,,,,,,,,,,,,,,
10/17/18 5:30,274975,OK,,,,,,,,,,,,,,,,,,,,,,
10/17/18 5:45,274982,OK,,,,,,,,,,,,,,,,,,,,,,
10/17/18 6:00,274989,OK,,,,,,,,,,,,,,,,,,,,,,
10/17/18 6:15,274996,OK,,,,,,,,,,,,,,,,,,,,,,
10/17/18 6:30,275003,OK,,,,,,,,,,,,,,,,,,,,,,
10/17/18 6:45,275009,OK,,,,,,,,,,,,,,,,,,,,,,
10/17/18 7:00,275016,OK,,,,,,,,,,,,,,,,,,,,,,
10/17/18 7:15,275023,OK,,,,,,,,,,,,,,,,,,,,,,
10/17/18 7:30,275030,OK,,,,,,,,,,,,,,,,,,,,,,
10/17/18 7:45,275038,OK,,,,,,,,,,,,,,,,,,,,,,
10/17/18 8:00,275047,OK,,,,,,,,,,,,,,,,,,,,,,
10/17/18 8:15,275056,OK,,,,,,,,,,,,,,,,,,,,,,
10/17/18 8:30,275065,OK,,,,,,,,,,,,,,,,,,,,,,
10/17/18 8:45,275074,OK,,,,,,,,,,,,,,,,,,,,,,
10/17/18 9:00,275083,OK,,,,,,,,,,,,,,,,,,,,,,
10/17/18 9:15,275093,OK,,,,,,,,,,,,,,,,,,,,,,
10/17/18 9:30,275103,OK,,,,,,,,,,,,,,,,,,,,,,
10/17/18 9:45,275113,OK,,,,,,,,,,,,,,,,,,,,,,
10/17/18 10:00,275123,OK,,,,,,,,,,,,,,,,,,,,,,
10/17/18 10:15,275132,OK,,,,,,,,,,,,,,,,,,,,,,
10/17/18 10:30,275142,OK,,,,,,,,,,,,,,,,,,,,,,
10/17/18 10:45,275152,OK,,,,,,,,,,,,,,,,,,,,,,
10/17/18 11:00,275161,OK,,,,,,,,,,,,,,,,,,,,,,
10/17/18 11:15,275171,OK,,,,,,,,,,,,,,,,,,,,,,
10/17/18 11:30,275181,OK,,,,,,,,,,,,,,,,,,,,,,
10/17/18 11:45,275191,OK,,,,,,,,,,,,,,,,,,,,,,
10/17/18 12:00,275200,OK,,,,,,,,,,,,,,,,,,,,,,
10/17/18 12:15,275210,OK,,,,,,,,,,,,,,,,,,,,,,
10/17/18 12:30,275219,OK,,,,,,,,,,,,,,,,,,,,,,
10/17/18 12:45,275229,OK,,,,,,,,,,,,,,,,,,,,,,
10/17/18 13:00,275239,OK,,,,,,,,,,,,,,,,,,,,,,
10/17/18 13:15,275249,OK,,,,,,,,,,,,,,,,,,,,,,
10/17/18 13:30,275259,OK,,,,,,,,,,,,,,,,,,,,,,
10/17/18 13:45,275269,OK,,,,,,,,,,,,,,,,,,,,,,
10/17/18 14:00,275279,OK,,,,,,,,,,,,,,,,,,,,,,
10/17/18 14:15,275288,OK,,,,,,,,,,,,,,,,,,,,,,
10/17/18 14:30,275298,OK,,,,,,,,,,,,,,,,,,,,,,
10/17/18 14:45,275308,OK,,,,,,,,,,,,,,,,,,,,,,
10/17/18 15:00,275317,OK,,,,,,,,,,,,,,,,,,,,,,
10/17/18 15:15,275327,OK,,,,,,,,,,,,,,,,,,,,,,
10/17/18 15:30,275336,OK,,,,,,,,,,,,,,,,,,,,,,
10/17/18 15:45,275346,OK,,,,,,,,,,,,,,,,,,,,,,
10/17/18 16:00,275356,OK,,,,,,,,,,,,,,,,,,,,,,
10/17/18 16:15,275366,OK,,,,,,,,,,,,,,,,,,,,,,
10/17/18 16:30,275376,OK,,,,,,,,,,,,,,,,,,,,,,
10/17/18 16:45,275386,OK,,,,,,,,,,,,,,,,,,,,,,
10/17/18 17:00,275396,OK,,,,,,,,,,,,,,,,,,,,,,
10/17/18 17:15,275406,OK,,,,,,,,,,,,,,,,,,,,,,
10/17/18 17:30,275415,OK,,,,,,,,,,,,,,,,,,,,,,
10/17/18 17:45,275424,OK,,,,,,,,,,,,,,,,,,,,,,
10/17/18 18:00,275434,OK,,,,,,,,,,,,,,,,,,,,,,
10/17/18 18:15,275444,OK,,,,,,,,,,,,,,,,,,,,,,
10/17/18 18:30,275453,OK,,,,,,,,,,,,,,,,,,,,,,
10/17/18 18:45,275462,OK,,,,,,,,,,,,,,,,,,,,,,
10/17/18 19:00,275470,OK,,,,,,,,,,,,,,,,,,,,,,
10/17/18 19:15,275477,OK,,,,,,,,,,,,,,,,,,,,,,
10/17/18 19:30,275485,OK,,,,,,,,,,,,,,,,,,,,,,
10/17/18 19:45,275492,OK,,,,,,,,,,,,,,,,,,,,,,
10/17/18 20:00,275500,OK,,,,,,,,,,,,,,,,,,,,,,
10/17/18 20:15,275507,OK,,,,,,,,,,,,,,,,,,,,,,
10/17/18 20:30,275514,OK,,,,,,,,,,,,,,,,,,,,,,
10/17/18 20:45,275521,OK,,,,,,,,,,,,,,,,,,,,,,
10/17/18 21:00,275529,OK,,,,,,,,,,,,,,,,,,,,,,
10/17/18 21:15,275536,OK,,,,,,,,,,,,,,,,,,,,,,
10/17/18 21:30,275543,OK,,,,,,,,,,,,,,,,,,,,,,
10/17/18 21:45,275550,OK,,,,,,,,,,,,,,,,,,,,,,
10/17/18 22:00,275558,OK,,,,,,,,,,,,,,,,,,,,,,
10/17/18 22:15,275565,OK,,,,,,,,,,,,,,,,,,,,,,
10/17/18 22:30,275572,OK,,,,,,,,,,,,,,,,,,,,,,
10/17/18 22:45,275579,OK,,,,,,,,,,,,,,,,,,,,,,
10/17/18 23:00,275586,OK,,,,,,,,,,,,,,,,,,,,,,
10/17/18 23:15,275594,OK,,,,,,,,,,,,,,,,,,,,,,
10/17/18 23:30,275601,OK,,,,,,,,,,,,,,,,,,,,,,
10/17/18 23:45,275609,OK,,,,,,,,,,,,,,,,,,,,,,
10/18/18 0:00,275617,OK,,,,,,,,,,,,,,,,,,,,,,
10/18/18 0:15,275625,OK,,,,,,,,,,,,,,,,,,,,,,
10/18/18 0:30,275633,OK,,,,,,,,,,,,,,,,,,,,,,
10/18/18 0:45,275641,OK,,,,,,,,,,,,,,,,,,,,,,
10/18/18 1:00,275649,OK,,,,,,,,,,,,,,,,,,,,,,
10/18/18 1:15,275657,OK,,,,,,,,,,,,,,,,,,,,,,
10/18/18 1:30,275665,OK,,,,,,,,,,,,,,,,,,,,,,
10/18/18 1:45,275674,OK,,,,,,,,,,,,,,,,,,,,,,
10/18/18 2:00,275681,OK,,,,,,,,,,,,,,,,,,,,,,
10/18/18 2:15,275689,OK,,,,,,,,,,,,,,,,,,,,,,
10/18/18 2:30,275696,OK,,,,,,,,,,,,,,,,,,,,,,
10/18/18 2:45,275703,OK,,,,,,,,,,,,,,,,,,,,,,
10/18/18 3:00,275710,OK,,,,,,,,,,,,,,,,,,,,,,
10/18/18 3:15,275716,OK,,,,,,,,,,,,,,,,,,,,,,
10/18/18 3:30,275722,OK,,,,,,,,,,,,,,,,,,,,,,
10/18/18 3:45,275728,OK,,,,,,,,,,,,,,,,,,,,,,
10/18/18 4:00,275734,OK,,,,,,,,,,,,,,,,,,,,,,
10/18/18 4:15,275740,OK,,,,,,,,,,,,,,,,,,,,,,
10/18/18 4:30,275747,OK,,,,,,,,,,,,,,,,,,,,,,
10/18/18 4:45,275753,OK,,,,,,,,,,,,,,,,,,,,,,
10/18/18 5:00,275759,OK,,,,,,,,,,,,,,,,,,,,,,
10/18/18 5:15,275765,OK,,,,,,,,,,,,,,,,,,,,,,
10/18/18 5:30,275771,OK,,,,,,,,,,,,,,,,,,,,,,
10/18/18 5:45,275777,OK,,,,,,,,,,,,,,,,,,,,,,
10/18/18 6:00,275783,OK,,,,,,,,,,,,,,,,,,,,,,
10/18/18 6:15,275789,OK,,,,,,,,,,,,,,,,,,,,,,
10/18/18 6:30,275796,OK,,,,,,,,,,,,,,,,,,,,,,
10/18/18 6:45,275802,OK,,,,,,,,,,,,,,,,,,,,,,
10/18/18 7:00,275808,OK,,,,,,,,,,,,,,,,,,,,,,
10/18/18 7:15,275815,OK,,,,,,,,,,,,,,,,,,,,,,
10/18/18 7:30,275821,OK,,,,,,,,,,,,,,,,,,,,,,
10/18/18 7:45,275828,OK,,,,,,,,,,,,,,,,,,,,,,
10/18/18 8:00,275835,OK,,,,,,,,,,,,,,,,,,,,,,
10/18/18 8:15,275843,OK,,,,,,,,,,,,,,,,,,,,,,
10/18/18 8:30,275850,OK,,,,,,,,,,,,,,,,,,,,,,
10/18/18 8:45,275858,OK,,,,,,,,,,,,,,,,,,,,,,
10/18/18 9:00,275865,OK,,,,,,,,,,,,,,,,,,,,,,
10/18/18 9:15,275873,OK,,,,,,,,,,,,,,,,,,,,,,
10/18/18 9:30,275881,OK,,,,,,,,,,,,,,,,,,,,,,
10/18/18 9:45,275890,OK,,,,,,,,,,,,,,,,,,,,,,
10/18/18 10:00,275899,OK,,,,,,,,,,,,,,,,,,,,,,
10/18/18 10:15,275908,OK,,,,,,,,,,,,,,,,,,,,,,
10/18/18 10:30,275917,OK,,,,,,,,,,,,,,,,,,,,,,
10/18/18 10:45,275927,OK,,,,,,,,,,,,,,,,,,,,,,
10/18/18 11:00,275937,OK,,,,,,,,,,,,,,,,,,,,,,
10/18/18 11:15,275947,OK,,,,,,,,,,,,,,,,,,,,,,
10/18/18 11:30,275957,OK,,,,,,,,,,,,,,,,,,,,,,
10/18/18 11:45,275967,OK,,,,,,,,,,,,,,,,,,,,,,
10/18/18 12:00,275976,OK,,,,,,,,,,,,,,,,,,,,,,
10/18/18 12:15,275987,OK,,,,,,,,,,,,,,,,,,,,,,
10/18/18 12:30,275997,OK,,,,,,,,,,,,,,,,,,,,,,
10/18/18 12:45,276007,OK,,,,,,,,,,,,,,,,,,,,,,
10/18/18 13:00,276018,OK,,,,,,,,,,,,,,,,,,,,,,
10/18/18 13:15,276028,OK,,,,,,,,,,,,,,,,,,,,,,
10/18/18 13:30,276038,OK,,,,,,,,,,,,,,,,,,,,,,
10/18/18 13:45,276049,OK,,,,,,,,,,,,,,,,,,,,,,
10/18/18 14:00,276059,OK,,,,,,,,,,,,,,,,,,,,,,
10/18/18 14:15,276069,OK,,,,,,,,,,,,,,,,,,,,,,
10/18/18 14:30,276079,OK,,,,,,,,,,,,,,,,,,,,,,
10/18/18 14:45,276089,OK,,,,,,,,,,,,,,,,,,,,,,
10/18/18 15:00,276098,OK,,,,,,,,,,,,,,,,,,,,,,
10/18/18 15:15,276108,OK,,,,,,,,,,,,,,,,,,,,,,
10/18/18 15:30,276117,OK,,,,,,,,,,,,,,,,,,,,,,
10/18/18 15:45,276127,OK,,,,,,,,,,,,,,,,,,,,,,
10/18/18 16:00,276137,OK,,,,,,,,,,,,,,,,,,,,,,
10/18/18 16:15,276146,OK,,,,,,,,,,,,,,,,,,,,,,
10/18/18 16:30,276154,OK,,,,,,,,,,,,,,,,,,,,,,
10/18/18 16:45,276163,OK,,,,,,,,,,,,,,,,,,,,,,
10/18/18 17:00,276171,OK,,,,,,,,,,,,,,,,,,,,,,
10/18/18 17:15,276180,OK,,,,,,,,,,,,,,,,,,,,,,
10/18/18 17:30,276189,OK,,,,,,,,,,,,,,,,,,,,,,
10/18/18 17:45,276197,OK,,,,,,,,,,,,,,,,,,,,,,
10/18/18 18:00,276205,OK,,,,,,,,,,,,,,,,,,,,,,
10/18/18 18:15,276212,OK,,,,,,,,,,,,,,,,,,,,,,
10/18/18 18:30,276220,OK,,,,,,,,,,,,,,,,,,,,,,
10/18/18 18:45,276228,OK,,,,,,,,,,,,,,,,,,,,,,
10/18/18 19:00,276234,OK,,,,,,,,,,,,,,,,,,,,,,
10/18/18 19:15,276241,OK,,,,,,,,,,,,,,,,,,,,,,
10/18/18 19:30,276247,OK,,,,,,,,,,,,,,,,,,,,,,
10/18/18 19:45,276254,OK,,,,,,,,,,,,,,,,,,,,,,
10/18/18 20:00,276261,OK,,,,,,,,,,,,,,,,,,,,,,
10/18/18 20:15,276267,OK,,,,,,,,,,,,,,,,,,,,,,
10/18/18 20:30,276274,OK,,,,,,,,,,,,,,,,,,,,,,
10/18/18 20:45,276281,OK,,,,,,,,,,,,,,,,,,,,,,
10/18/18 21:00,276288,OK,,,,,,,,,,,,,,,,,,,,,,
10/18/18 21:15,276295,OK,,,,,,,,,,,,,,,,,,,,,,
10/18/18 21:30,276301,OK,,,,,,,,,,,,,,,,,,,,,,
10/18/18 21:45,276308,OK,,,,,,,,,,,,,,,,,,,,,,
10/18/18 22:00,276315,OK,,,,,,,,,,,,,,,,,,,,,,
10/18/18 22:15,276321,OK,,,,,,,,,,,,,,,,,,,,,,
10/18/18 22:30,276328,OK,,,,,,,,,,,,,,,,,,,,,,
10/18/18 22:45,276334,OK,,,,,,,,,,,,,,,,,,,,,,
10/18/18 23:00,276341,OK,,,,,,,,,,,,,,,,,,,,,,
10/18/18 23:15,276348,OK,,,,,,,,,,,,,,,,,,,,,,
10/18/18 23:30,276354,OK,,,,,,,,,,,,,,,,,,,,,,
10/18/18 23:45,276361,OK,,,,,,,,,,,,,,,,,,,,,,
10/19/18 0:00,276368,OK,,,,,,,,,,,,,,,,,,,,,,
10/19/18 0:15,276376,OK,,,,,,,,,,,,,,,,,,,,,,
10/19/18 0:30,276384,OK,,,,,,,,,,,,,,,,,,,,,,
10/19/18 0:45,276392,OK,,,,,,,,,,,,,,,,,,,,,,
10/19/18 1:00,276400,OK,,,,,,,,,,,,,,,,,,,,,,
10/19/18 1:15,276407,OK,,,,,,,,,,,,,,,,,,,,,,
10/19/18 1:30,276415,OK,,,,,,,,,,,,,,,,,,,,,,
10/19/18 1:45,276423,OK,,,,,,,,,,,,,,,,,,,,,,
10/19/18 2:00,276431,OK,,,,,,,,,,,,,,,,,,,,,,
10/19/18 2:15,276439,OK,,,,,,,,,,,,,,,,,,,,,,
10/19/18 2:30,276446,OK,,,,,,,,,,,,,,,,,,,,,,
10/19/18 2:45,276454,OK,,,,,,,,,,,,,,,,,,,,,,
10/19/18 3:00,276461,OK,,,,,,,,,,,,,,,,,,,,,,
10/19/18 3:15,276467,OK,,,,,,,,,,,,,,,,,,,,,,
10/19/18 3:30,276473,OK,,,,,,,,,,,,,,,,,,,,,,
10/19/18 3:45,276480,OK,,,,,,,,,,,,,,,,,,,,,,
10/19/18 4:00,276486,OK,,,,,,,,,,,,,,,,,,,,,,
10/19/18 4:15,276492,OK,,,,,,,,,,,,,,,,,,,,,,
10/19/18 4:30,276499,OK,,,,,,,,,,,,,,,,,,,,,,
10/19/18 4:45,276505,OK,,,,,,,,,,,,,,,,,,,,,,
10/19/18 5:00,276511,OK,,,,,,,,,,,,,,,,,,,,,,
10/19/18 5:15,276517,OK,,,,,,,,,,,,,,,,,,,,,,
10/19/18 5:30,276523,OK,,,,,,,,,,,,,,,,,,,,,,
10/19/18 5:45,276529,OK,,,,,,,,,,,,,,,,,,,,,,
10/19/18 6:00,276535,OK,,,,,,,,,,,,,,,,,,,,,,
10/19/18 6:15,276541,OK,,,,,,,,,,,,,,,,,,,,,,
10/19/18 6:30,276547,OK,,,,,,,,,,,,,,,,,,,,,,
10/19/18 6:45,276553,OK,,,,,,,,,,,,,,,,,,,,,,
10/19/18 7:00,276560,OK,,,,,,,,,,,,,,,,,,,,,,
10/19/18 7:15,276567,OK,,,,,,,,,,,,,,,,,,,,,,
10/19/18 7:30,276574,OK,,,,,,,,,,,,,,,,,,,,,,
10/19/18 7:45,276581,OK,,,,,,,,,,,,,,,,,,,,,,
10/19/18 8:00,276589,OK,,,,,,,,,,,,,,,,,,,,,,
10/19/18 8:15,276598,OK,,,,,,,,,,,,,,,,,,,,,,
10/19/18 8:30,276608,OK,,,,,,,,,,,,,,,,,,,,,,
10/19/18 8:45,276618,OK,,,,,,,,,,,,,,,,,,,,,,
10/19/18 9:00,276627,OK,,,,,,,,,,,,,,,,,,,,,,
10/19/18 9:15,276637,OK,,,,,,,,,,,,,,,,,,,,,,
10/19/18 9:30,276647,OK,,,,,,,,,,,,,,,,,,,,,,
10/19/18 9:45,276657,OK,,,,,,,,,,,,,,,,,,,,,,
10/19/18 10:00,276668,OK,,,,,,,,,,,,,,,,,,,,,,
10/19/18 10:15,276678,OK,,,,,,,,,,,,,,,,,,,,,,
10/19/18 10:30,276688,OK,,,,,,,,,,,,,,,,,,,,,,
10/19/18 10:45,276698,OK,,,,,,,,,,,,,,,,,,,,,,
10/19/18 11:00,276708,OK,,,,,,,,,,,,,,,,,,,,,,
10/19/18 11:15,276717,OK,,,,,,,,,,,,,,,,,,,,,,
10/19/18 11:30,276727,OK,,,,,,,,,,,,,,,,,,,,,,
10/19/18 11:45,276737,OK,,,,,,,,,,,,,,,,,,,,,,
10/19/18 12:00,276746,OK,,,,,,,,,,,,,,,,,,,,,,
10/19/18 12:15,276755,OK,,,,,,,,,,,,,,,,,,,,,,
10/19/18 12:30,276764,OK,,,,,,,,,,,,,,,,,,,,,,
10/19/18 12:45,276773,OK,,,,,,,,,,,,,,,,,,,,,,
10/19/18 13:00,276782,OK,,,,,,,,,,,,,,,,,,,,,,
10/19/18 13:15,276791,OK,,,,,,,,,,,,,,,,,,,,,,
10/19/18 13:30,276800,OK,,,,,,,,,,,,,,,,,,,,,,
10/19/18 13:45,276810,OK,,,,,,,,,,,,,,,,,,,,,,
10/19/18 14:00,276820,OK,,,,,,,,,,,,,,,,,,,,,,
10/19/18 14:15,276830,OK,,,,,,,,,,,,,,,,,,,,,,
10/19/18 14:30,276840,OK,,,,,,,,,,,,,,,,,,,,,,
10/19/18 14:45,276849,OK,,,,,,,,,,,,,,,,,,,,,,
10/19/18 15:00,276858,OK,,,,,,,,,,,,,,,,,,,,,,
10/19/18 15:15,276867,OK,,,,,,,,,,,,,,,,,,,,,,
10/19/18 15:30,276876,OK,,,,,,,,,,,,,,,,,,,,,,
10/19/18 15:45,276885,OK,,,,,,,,,,,,,,,,,,,,,,
10/19/18 16:00,276894,OK,,,,,,,,,,,,,,,,,,,,,,
10/19/18 16:15,276903,OK,,,,,,,,,,,,,,,,,,,,,,
10/19/18 16:30,276911,OK,,,,,,,,,,,,,,,,,,,,,,
10/19/18 16:45,276919,OK,,,,,,,,,,,,,,,,,,,,,,
10/19/18 17:00,276927,OK,,,,,,,,,,,,,,,,,,,,,,
10/19/18 17:15,276934,OK,,,,,,,,,,,,,,,,,,,,,,
10/19/18 17:30,276941,OK,,,,,,,,,,,,,,,,,,,,,,
10/19/18 17:45,276949,OK,,,,,,,,,,,,,,,,,,,,,,
10/19/18 18:00,276956,OK,,,,,,,,,,,,,,,,,,,,,,
10/19/18 18:15,276963,OK,,,,,,,,,,,,,,,,,,,,,,
10/19/18 18:30,276970,OK,,,,,,,,,,,,,,,,,,,,,,
10/19/18 18:45,276977,OK,,,,,,,,,,,,,,,,,,,,,,
10/19/18 19:00,276984,OK,,,,,,,,,,,,,,,,,,,,,,
10/19/18 19:15,276991,OK,,,,,,,,,,,,,,,,,,,,,,
10/19/18 19:30,276998,OK,,,,,,,,,,,,,,,,,,,,,,
10/19/18 19:45,277006,OK,,,,,,,,,,,,,,,,,,,,,,
10/19/18 20:00,277013,OK,,,,,,,,,,,,,,,,,,,,,,
10/19/18 20:15,277021,OK,,,,,,,,,,,,,,,,,,,,,,
10/19/18 20:30,277028,OK,,,,,,,,,,,,,,,,,,,,,,
10/19/18 20:45,277035,OK,,,,,,,,,,,,,,,,,,,,,,
10/19/18 21:00,277043,OK,,,,,,,,,,,,,,,,,,,,,,
10/19/18 21:15,277050,OK,,,,,,,,,,,,,,,,,,,,,,
10/19/18 21:30,277058,OK,,,,,,,,,,,,,,,,,,,,,,
10/19/18 21:45,277065,OK,,,,,,,,,,,,,,,,,,,,,,
10/19/18 22:00,277073,OK,,,,,,,,,,,,,,,,,,,,,,
10/19/18 22:15,277080,OK,,,,,,,,,,,,,,,,,,,,,,
10/19/18 22:30,277088,OK,,,,,,,,,,,,,,,,,,,,,,
10/19/18 22:45,277095,OK,,,,,,,,,,,,,,,,,,,,,,
10/19/18 23:00,277102,OK,,,,,,,,,,,,,,,,,,,,,,
10/19/18 23:15,277109,OK,,,,,,,,,,,,,,,,,,,,,,
10/19/18 23:30,277116,OK,,,,,,,,,,,,,,,,,,,,,,
10/19/18 23:45,277123,OK,,,,,,,,,,,,,,,,,,,,,,
10/20/18 0:00,277130,OK,,,,,,,,,,,,,,,,,,,,,,
10/20/18 0:15,277137,OK,,,,,,,,,,,,,,,,,,,,,,
10/20/18 0:30,277145,OK,,,,,,,,,,,,,,,,,,,,,,
10/20/18 0:45,277152,OK,,,,,,,,,,,,,,,,,,,,,,
10/20/18 1:00,277159,OK,,,,,,,,,,,,,,,,,,,,,,
10/20/18 1:15,277166,OK,,,,,,,,,,,,,,,,,,,,,,
10/20/18 1:30,277173,OK,,,,,,,,,,,,,,,,,,,,,,
10/20/18 1:45,277180,OK,,,,,,,,,,,,,,,,,,,,,,
10/20/18 2:00,277187,OK,,,,,,,,,,,,,,,,,,,,,,
10/20/18 2:15,277194,OK,,,,,,,,,,,,,,,,,,,,,,
10/20/18 2:30,277201,OK,,,,,,,,,,,,,,,,,,,,,,
10/20/18 2:45,277208,OK,,,,,,,,,,,,,,,,,,,,,,
10/20/18 3:00,277216,OK,,,,,,,,,,,,,,,,,,,,,,
10/20/18 3:15,277223,OK,,,,,,,,,,,,,,,,,,,,,,
10/20/18 3:30,277230,OK,,,,,,,,,,,,,,,,,,,,,,
10/20/18 3:45,277237,OK,,,,,,,,,,,,,,,,,,,,,,
10/20/18 4:00,277244,OK,,,,,,,,,,,,,,,,,,,,,,
10/20/18 4:15,277251,OK,,,,,,,,,,,,,,,,,,,,,,
10/20/18 4:30,277258,OK,,,,,,,,,,,,,,,,,,,,,,
10/20/18 4:45,277265,OK,,,,,,,,,,,,,,,,,,,,,,
10/20/18 5:00,277272,OK,,,,,,,,,,,,,,,,,,,,,,
10/20/18 5:15,277279,OK,,,,,,,,,,,,,,,,,,,,,,
10/20/18 5:30,277286,OK,,,,,,,,,,,,,,,,,,,,,,
10/20/18 5:45,277293,OK,,,,,,,,,,,,,,,,,,,,,,
10/20/18 6:00,277300,OK,,,,,,,,,,,,,,,,,,,,,,
10/20/18 6:15,277307,OK,,,,,,,,,,,,,,,,,,,,,,
10/20/18 6:30,277314,OK,,,,,,,,,,,,,,,,,,,,,,
10/20/18 6:45,277321,OK,,,,,,,,,,,,,,,,,,,,,,
10/20/18 7:00,277328,OK,,,,,,,,,,,,,,,,,,,,,,
10/20/18 7:15,277335,OK,,,,,,,,,,,,,,,,,,,,,,
10/20/18 7:30,277342,OK,,,,,,,,,,,,,,,,,,,,,,
10/20/18 7:45,277349,OK,,,,,,,,,,,,,,,,,,,,,,
10/20/18 8:00,277356,OK,,,,,,,,,,,,,,,,,,,,,,
10/20/18 8:15,277363,OK,,,,,,,,,,,,,,,,,,,,,,
10/20/18 8:30,277370,OK,,,,,,,,,,,,,,,,,,,,,,
10/20/18 8:45,277377,OK,,,,,,,,,,,,,,,,,,,,,,
10/20/18 9:00,277384,OK,,,,,,,,,,,,,,,,,,,,,,
10/20/18 9:15,277391,OK,,,,,,,,,,,,,,,,,,,,,,
10/20/18 9:30,277398,OK,,,,,,,,,,,,,,,,,,,,,,
10/20/18 9:45,277405,OK,,,,,,,,,,,,,,,,,,,,,,
10/20/18 10:00,277412,OK,,,,,,,,,,,,,,,,,,,,,,
10/20/18 10:15,277419,OK,,,,,,,,,,,,,,,,,,,,,,
10/20/18 10:30,277426,OK,,,,,,,,,,,,,,,,,,,,,,
10/20/18 10:45,277433,OK,,,,,,,,,,,,,,,,,,,,,,
10/20/18 11:00,277440,OK,,,,,,,,,,,,,,,,,,,,,,
10/20/18 11:15,277447,OK,,,,,,,,,,,,,,,,,,,,,,
10/20/18 11:30,277454,OK,,,,,,,,,,,,,,,,,,,,,,
10/20/18 11:45,277461,OK,,,,,,,,,,,,,,,,,,,,,,
10/20/18 12:00,277468,OK,,,,,,,,,,,,,,,,,,,,,,
10/20/18 12:15,277475,OK,,,,,,,,,,,,,,,,,,,,,,
10/20/18 12:30,277482,OK,,,,,,,,,,,,,,,,,,,,,,
10/20/18 12:45,277490,OK,,,,,,,,,,,,,,,,,,,,,,
10/20/18 13:00,277500,OK,,,,,,,,,,,,,,,,,,,,,,
10/20/18 13:15,277519,OK,,,,,,,,,,,,,,,,,,,,,,
10/20/18 13:30,277533,OK,,,,,,,,,,,,,,,,,,,,,,
10/20/18 13:45,277547,OK,,,,,,,,,,,,,,,,,,,,,,
10/20/18 14:00,277558,OK,,,,,,,,,,,,,,,,,,,,,,
10/20/18 14:15,277571,OK,,,,,,,,,,,,,,,,,,,,,,
10/20/18 14:30,277583,OK,,,,,,,,,,,,,,,,,,,,,,
10/20/18 14:45,277596,OK,,,,,,,,,,,,,,,,,,,,,,
10/20/18 15:00,277609,OK,,,,,,,,,,,,,,,,,,,,,,
10/20/18 15:15,277621,OK,,,,,,,,,,,,,,,,,,,,,,
10/20/18 15:30,277634,OK,,,,,,,,,,,,,,,,,,,,,,
10/20/18 15:45,277646,OK,,,,,,,,,,,,,,,,,,,,,,
10/20/18 16:00,277659,OK,,,,,,,,,,,,,,,,,,,,,,
10/20/18 16:15,277671,OK,,,,,,,,,,,,,,,,,,,,,,
10/20/18 16:30,277683,OK,,,,,,,,,,,,,,,,,,,,,,
10/20/18 16:45,277694,OK,,,,,,,,,,,,,,,,,,,,,,
10/20/18 17:00,277707,OK,,,,,,,,,,,,,,,,,,,,,,
10/20/18 17:15,277718,OK,,,,,,,,,,,,,,,,,,,,,,
10/20/18 17:30,277729,OK,,,,,,,,,,,,,,,,,,,,,,
10/20/18 17:45,277739,OK,,,,,,,,,,,,,,,,,,,,,,
10/20/18 18:00,277746,OK,,,,,,,,,,,,,,,,,,,,,,
10/20/18 18:15,277752,OK,,,,,,,,,,,,,,,,,,,,,,
10/20/18 18:30,277759,OK,,,,,,,,,,,,,,,,,,,,,,
10/20/18 18:45,277765,OK,,,,,,,,,,,,,,,,,,,,,,
10/20/18 19:00,277772,OK,,,,,,,,,,,,,,,,,,,,,,
10/20/18 19:15,277779,OK,,,,,,,,,,,,,,,,,,,,,,
10/20/18 19:30,277786,OK,,,,,,,,,,,,,,,,,,,,,,
10/20/18 19:45,277792,OK,,,,,,,,,,,,,,,,,,,,,,
10/20/18 20:00,277799,OK,,,,,,,,,,,,,,,,,,,,,,
10/20/18 20:15,277806,OK,,,,,,,,,,,,,,,,,,,,,,
10/20/18 20:30,277812,OK,,,,,,,,,,,,,,,,,,,,,,
10/20/18 20:45,277819,OK,,,,,,,,,,,,,,,,,,,,,,
10/20/18 21:00,277825,OK,,,,,,,,,,,,,,,,,,,,,,
10/20/18 21:15,277832,OK,,,,,,,,,,,,,,,,,,,,,,
10/20/18 21:30,277839,OK,,,,,,,,,,,,,,,,,,,,,,
10/20/18 21:45,277845,OK,,,,,,,,,,,,,,,,,,,,,,
10/20/18 22:00,277852,OK,,,,,,,,,,,,,,,,,,,,,,
10/20/18 22:15,277858,OK,,,,,,,,,,,,,,,,,,,,,,
10/20/18 22:30,277865,OK,,,,,,,,,,,,,,,,,,,,,,
10/20/18 22:45,277872,OK,,,,,,,,,,,,,,,,,,,,,,
10/20/18 23:00,277878,OK,,,,,,,,,,,,,,,,,,,,,,
10/20/18 23:15,277885,OK,,,,,,,,,,,,,,,,,,,,,,
10/20/18 23:30,277892,OK,,,,,,,,,,,,,,,,,,,,,,
10/20/18 23:45,277898,OK,,,,,,,,,,,,,,,,,,,,,,
10/21/18 0:00,277905,OK,,,,,,,,,,,,,,,,,,,,,,
10/21/18 0:15,277912,OK,,,,,,,,,,,,,,,,,,,,,,
10/21/18 0:30,277918,OK,,,,,,,,,,,,,,,,,,,,,,
10/21/18 0:45,277925,OK,,,,,,,,,,,,,,,,,,,,,,
10/21/18 1:00,277932,OK,,,,,,,,,,,,,,,,,,,,,,
10/21/18 1:15,277938,OK,,,,,,,,,,,,,,,,,,,,,,
10/21/18 1:30,277945,OK,,,,,,,,,,,,,,,,,,,,,,
10/21/18 1:45,277952,OK,,,,,,,,,,,,,,,,,,,,,,
10/21/18 2:00,277958,OK,,,,,,,,,,,,,,,,,,,,,,
10/21/18 2:15,277965,OK,,,,,,,,,,,,,,,,,,,,,,
10/21/18 2:30,277972,OK,,,,,,,,,,,,,,,,,,,,,,
10/21/18 2:45,277978,OK,,,,,,,,,,,,,,,,,,,,,,
10/21/18 3:00,277985,OK,,,,,,,,,,,,,,,,,,,,,,
10/21/18 3:15,277992,OK,,,,,,,,,,,,,,,,,,,,,,
10/21/18 3:30,277998,OK,,,,,,,,,,,,,,,,,,,,,,
10/21/18 3:45,278005,OK,,,,,,,,,,,,,,,,,,,,,,
10/21/18 4:00,278012,OK,,,,,,,,,,,,,,,,,,,,,,
10/21/18 4:15,278018,OK,,,,,,,,,,,,,,,,,,,,,,
10/21/18 4:30,278025,OK,,,,,,,,,,,,,,,,,,,,,,
10/21/18 4:45,278032,OK,,,,,,,,,,,,,,,,,,,,,,
10/21/18 5:00,278038,OK,,,,,,,,,,,,,,,,,,,,,,
10/21/18 5:15,278045,OK,,,,,,,,,,,,,,,,,,,,,,
10/21/18 5:30,278051,OK,,,,,,,,,,,,,,,,,,,,,,
10/21/18 5:45,278058,OK,,,,,,,,,,,,,,,,,,,,,,
10/21/18 6:00,278065,OK,,,,,,,,,,,,,,,,,,,,,,
10/21/18 6:15,278072,OK,,,,,,,,,,,,,,,,,,,,,,
10/21/18 6:30,278078,OK,,,,,,,,,,,,,,,,,,,,,,
10/21/18 6:45,278085,OK,,,,,,,,,,,,,,,,,,,,,,
10/21/18 7:00,278091,OK,,,,,,,,,,,,,,,,,,,,,,
10/21/18 7:15,278098,OK,,,,,,,,,,,,,,,,,,,,,,
10/21/18 7:30,278105,OK,,,,,,,,,,,,,,,,,,,,,,
10/21/18 7:45,278111,OK,,,,,,,,,,,,,,,,,,,,,,
10/21/18 8:00,278118,OK,,,,,,,,,,,,,,,,,,,,,,
10/21/18 8:15,278125,OK,,,,,,,,,,,,,,,,,,,,,,
10/21/18 8:30,278131,OK,,,,,,,,,,,,,,,,,,,,,,
10/21/18 8:45,278138,OK,,,,,,,,,,,,,,,,,,,,,,
10/21/18 9:00,278144,OK,,,,,,,,,,,,,,,,,,,,,,
10/21/18 9:15,278151,OK,,,,,,,,,,,,,,,,,,,,,,
10/21/18 9:30,278158,OK,,,,,,,,,,,,,,,,,,,,,,
10/21/18 9:45,278164,OK,,,,,,,,,,,,,,,,,,,,,,
10/21/18 10:00,278171,OK,,,,,,,,,,,,,,,,,,,,,,
10/21/18 10:15,278178,OK,,,,,,,,,,,,,,,,,,,,,,
10/21/18 10:30,278185,OK,,,,,,,,,,,,,,,,,,,,,,
10/21/18 10:45,278192,OK,,,,,,,,,,,,,,,,,,,,,,
10/21/18 11:00,278199,OK,,,,,,,,,,,,,,,,,,,,,,
10/21/18 11:15,278206,OK,,,,,,,,,,,,,,,,,,,,,,
10/21/18 11:30,278213,OK,,,,,,,,,,,,,,,,,,,,,,
10/21/18 11:45,278220,OK,,,,,,,,,,,,,,,,,,,,,,
10/21/18 12:00,278226,OK,,,,,,,,,,,,,,,,,,,,,,
10/21/18 12:15,278233,OK,,,,,,,,,,,,,,,,,,,,,,
10/21/18 12:30,278240,OK,,,,,,,,,,,,,,,,,,,,,,
10/21/18 12:45,278247,OK,,,,,,,,,,,,,,,,,,,,,,
10/21/18 13:00,278254,OK,,,,,,,,,,,,,,,,,,,,,,
10/21/18 13:15,278261,OK,,,,,,,,,,,,,,,,,,,,,,
10/21/18 13:30,278268,OK,,,,,,,,,,,,,,,,,,,,,,
10/21/18 13:45,278276,OK,,,,,,,,,,,,,,,,,,,,,,
10/21/18 14:00,278283,OK,,,,,,,,,,,,,,,,,,,,,,
10/21/18 14:15,278290,OK,,,,,,,,,,,,,,,,,,,,,,
10/21/18 14:30,278297,OK,,,,,,,,,,,,,,,,,,,,,,
10/21/18 14:45,278305,OK,,,,,,,,,,,,,,,,,,,,,,
10/21/18 15:00,278312,OK,,,,,,,,,,,,,,,,,,,,,,
10/21/18 15:15,278319,OK,,,,,,,,,,,,,,,,,,,,,,
10/21/18 15:30,278327,OK,,,,,,,,,,,,,,,,,,,,,,
10/21/18 15:45,278335,OK,,,,,,,,,,,,,,,,,,,,,,
10/21/18 16:00,278342,OK,,,,,,,,,,,,,,,,,,,,,,
10/21/18 16:15,278350,OK,,,,,,,,,,,,,,,,,,,,,,
10/21/18 16:30,278358,OK,,,,,,,,,,,,,,,,,,,,,,
10/21/18 16:45,278365,OK,,,,,,,,,,,,,,,,,,,,,,
10/21/18 17:00,278373,OK,,,,,,,,,,,,,,,,,,,,,,
10/21/18 17:15,278381,OK,,,,,,,,,,,,,,,,,,,,,,
10/21/18 17:30,278388,OK,,,,,,,,,,,,,,,,,,,,,,
10/21/18 17:45,278395,OK,,,,,,,,,,,,,,,,,,,,,,
10/21/18 18:00,278403,OK,,,,,,,,,,,,,,,,,,,,,,
10/21/18 18:15,278410,OK,,,,,,,,,,,,,,,,,,,,,,
10/21/18 18:30,278417,OK,,,,,,,,,,,,,,,,,,,,,,
10/21/18 18:45,278424,OK,,,,,,,,,,,,,,,,,,,,,,
10/21/18 19:00,278432,OK,,,,,,,,,,,,,,,,,,,,,,
10/21/18 19:15,278440,OK,,,,,,,,,,,,,,,,,,,,,,
10/21/18 19:30,278447,OK,,,,,,,,,,,,,,,,,,,,,,
10/21/18 19:45,278455,OK,,,,,,,,,,,,,,,,,,,,,,
10/21/18 20:00,278462,OK,,,,,,,,,,,,,,,,,,,,,,
10/21/18 20:15,278469,OK,,,,,,,,,,,,,,,,,,,,,,
10/21/18 20:30,278476,OK,,,,,,,,,,,,,,,,,,,,,,
10/21/18 20:45,278483,OK,,,,,,,,,,,,,,,,,,,,,,
10/21/18 21:00,278490,OK,,,,,,,,,,,,,,,,,,,,,,
10/21/18 21:15,278496,OK,,,,,,,,,,,,,,,,,,,,,,
10/21/18 21:30,278503,OK,,,,,,,,,,,,,,,,,,,,,,
10/21/18 21:45,278510,OK,,,,,,,,,,,,,,,,,,,,,,
10/21/18 22:00,278517,OK,,,,,,,,,,,,,,,,,,,,,,
10/21/18 22:15,278524,OK,,,,,,,,,,,,,,,,,,,,,,
10/21/18 22:30,278531,OK,,,,,,,,,,,,,,,,,,,,,,
10/21/18 22:45,278538,OK,,,,,,,,,,,,,,,,,,,,,,
10/21/18 23:00,278546,OK,,,,,,,,,,,,,,,,,,,,,,
10/21/18 23:15,278553,OK,,,,,,,,,,,,,,,,,,,,,,
10/21/18 23:30,278559,OK,,,,,,,,,,,,,,,,,,,,,,
10/21/18 23:45,278566,OK,,,,,,,,,,,,,,,,,,,,,,
